epoch,iter_num,train_loss,val_loss
0,0,2.1138839721679688,2.668997049331665
0,1,2.1848814487457275,2.3304171562194824
0,2,2.0981738567352295,2.64113450050354
0,3,2.4166195392608643,2.011951208114624
0,4,2.522736072540283,2.507115125656128
0,5,2.355175018310547,2.189741849899292
0,6,2.506162405014038,2.6012117862701416
0,7,2.564329147338867,2.27888560295105
0,8,2.441115617752075,2.314333200454712
0,9,2.4447741508483887,1.9855926036834717
0,10,2.1506149768829346,2.352485179901123
