epoch,iter_num,train_loss,val_loss
0,0,1.9464901685714722,2.5014169216156006
0,1,2.0656135082244873,2.2294225692749023
